148,,,,,,
1234567, Emily, Johnson, IT,4/10/2018,58000,FULL_TIME
2345678, Alexander, Kuznetsov, HR,8/21/2021,46000,PART_TIME
3456789, Mia, Wong, Logistics,1/30/2019,49000,FULL_TIME
4567890, Noah, Miller, Customer Service,3/15/2022,41000,PART_TIME
5678901, Isabella, Rossi, IT,5/22/2017,54000,FULL_TIME
6789012, Liam, Hernandez, HR,7/18/2020,61000,PART_TIME
7890123, Sofia, Kim, Logistics,9/5/2018,47000,FULL_TIME
8901234, Mason, Dubois, Customer Service,11/29/2021,44000,PART_TIME
9012345, Ava, Kovak, IT,2/13/2019,57000,FULL_TIME
123456, William, Garcia, HR,10/20/2020,60000,PART_TIME
1234568, Abigail, Yamamoto, Logistics,6/30/2018,50000,FULL_TIME
2345679, Ethan, Papadopoulos, Customer Service, 2022-01-07,43000,PART_TIME
3456780, Madison, da Silva, IT,8/19/2017,55000,FULL_TIME
4567891, Daniel, Nkosi, HR, 2021-09-23,48000,PART_TIME
5678902, Chloe, Leclerc, Logistics, 2019-03-11,46000,FULL_TIME
6789013, Jacob, O'Sullivan, Customer Service, 2020-12-14,42000,PART_TIME
7890124, Ella, Nowak, IT, 2018-07-08,53000,FULL_TIME
8901235, Michael, Murphy, HR, 2021-04-17,61000,PART_TIME
9012346, Zoe, Jorgensen, Logistics, 2019-05-26,48000,FULL_TIME
123457, Sophia, Gagnon, Customer Service, 2022-02-09,41000,PART_TIME
1234569, Benjamin, Silva, IT, 2017-10-24,56000,CONTRACTOR
2345670, Lily, Smirnov, HR, 2020-08-31,59000,PART_TIME
3456781, Aiden, Kowalski, Logistics, 2018-12-17,47000, FULL_TIME
4567892, Grace, Schmitt, Customer Service, 2021-06-13,45000, PART_TIME
5678903, Matthew, Ali, IT, 2019-03-29,58000, FULL_TIME
6789014, Victoria, Gruber, HR, 2020-11-22,62000, PART_TIME
7890125, Jackson, Taylor, Logistics, 2018-05-15,49000, FULL_TIME
8901236, Olivia, Andersen, Customer Service, 2022-04-01,43000, PART_TIME
9012347, Lucas, Mortensen, IT, 2017-07-20,54000, FULL_TIME
123458, Amelia, Persson, HR, 2020-09-10,61000, PART_TIME
1234570, Gabriel, Santos, Logistics, 2018-11-02,47000, FULL_TIME
2345681, Hannah, Bernard, Customer Service, 2021-12-24,44000, PART_TIME
3456792, Logan, López, IT, 2019-01-18,57000, FULL_TIME
4567803, Emma, Ivanov, HR, 2020-10-27,60000, PART_TIME
5678914, Ryan, Müller, Logistics, 2018-07-05,50000, FULL_TIME
6789025, Charlotte, Zhang, Customer Service, 2022-03-20,43000, PART_TIME
7890136, Nathan, Singh, IT, 2017-09-14,55000, FULL_TIME
8901247, Mia, Hansen, HR, 2021-08-28,48000, PART_TIME
9012358, Jackson, Smith, Logistics, 2019-04-12,47000, FULL_TIME
123469, Olivia, Brown, Customer Service, 2022-05-19,44000, PART_TIME
1234580, Ethan, Davis, IT, 2017-06-23,56000, FULL_TIME
2345691, Ava, Miller, HR, 2020-07-30,59000, PART_TIME
3456702, William, Wilson, Logistics, 2018-08-16,48000, FULL_TIME
4567813, Sophia, Moore, Customer Service, 2021-10-03,42000, PART_TIME
5678924, Isabella, Taylor, IT, 2019-02-20,53000, FULL_TIME
6789035, Michael, Anderson, HR, 2020-12-11,61000, PART_TIME
7890146, Emily, Thomas, Logistics, 2018-04-29,49000, FULL_TIME
8901257, Daniel, Jackson, Customer Service, 2022-06-14,41000, PART_TIME
9012368, Madison, White, IT, 2017-11-01,55000, FULL_TIME
123479, Matthew, Harris, HR, 2020-09-18,60000, PART_TIME
1234590, Olivia, Martin, Logistics, 2018-10-25,50000, FULL_TIME
2345601, Noah, Thompson, Customer Service, 2021-07-08,43000, PART_TIME
3456712, Emma, Garcia, IT, 2019-03-05,57000, FULL_TIME
4567823, Ava, Martinez, HR, 2020-11-27,61000, PART_TIME
5678934, Sophia, Robinson, Logistics, 2018-06-13,47000, FULL_TIME
6789045, Jacob, Clark, Customer Service, 2021-08-22,45000, PART_TIME
7890156, Mia, Rodriguez, IT, 2019-05-10,58000, FULL_TIME
8901267, William, Lewis, HR, 2020-10-15,62000, PART_TIME
9012378, Ethan, Lee, Logistics, 2018-07-21,49000, FULL_TIME
123489, Madison, Walker, Customer Service, 2022-03-31,43000, PART_TIME
1234600, Alexander, Hall, IT, 2017-08-08,54000, FULL_TIME
2345611, Emily, Allen, HR, 2020-12-04,61000, PART_TIME
3456722, Daniel, Young, Logistics, 2018-09-19,47000, FULL_TIME
4567833, Isabella, Hernandez, Customer Service, 2021-06-30,44000, PART_TIME
5678944, Michael, King, IT, 2019-04-17,57000, FULL_TIME
6789055, Sophia, Wright, HR, 2020-11-12,60000, PART_TIME
7890166, Emma, Lopez, Logistics, 2018-08-03,50000, FULL_TIME
8901277, Olivia, Hill, Customer Service, 2022-05-24,43000, PART_TIME
9012388, Noah, Scott, IT, 2017-10-11,55000, FULL_TIME
123499, Ava, Green, HR, 2020-07-19,59000, PART_TIME
1234610, William, Adams, Logistics, 2018-12-06,48000, FULL_TIME
2345621, Sophia, Baker, Customer Service, 2021-07-15,42000, PART_TIME
3456732, Isabella, Gonzalez, IT, 2019-03-22,53000, FULL_TIME
4567843, Michael, Nelson, HR, 2020-12-28,61000, PART_TIME
5678954, Emily, Carter, Logistics, 2018-05-09,49000, FULL_TIME
6789065, Daniel, Mitchell, Customer Service, 2022-06-29,41000, PART_TIME
7890176, Madison, Perez, IT, 2017-11-18,55000, FULL_TIME
8901287, Matthew, Roberts, HR, 2020-10-04,60000, PART_TIME
9012398, Olivia, Turner, Logistics, 2018-10-12,50000, FULL_TIME
123509, Noah, Phillips, Customer Service, 2021-08-01,43000, PART_TIME
1234620, Emma, Campbell, IT, 2019-02-27,57000, FULL_TIME
2345631, Ava, Parker, HR, 2020-11-16,61000, PART_TIME
3456742, Sophia, Evans, Logistics, 2018-07-24,47000, FULL_TIME
4567853, Jacob, Edwards, Customer Service, 2021-09-09,45000, PART_TIME
5678964, Mia, Collins, IT, 2019-06-04,58000, FULL_TIME
6789075, William, Stewart, HR, 2020-11-03,62000, PART_TIME
7890186, Ethan, Sanchez, Logistics, 2018-08-10,49000, FULL_TIME
8901297, Madison, Morris, Customer Service, 2022-04-16,43000, PART_TIME
9012308, Alexander, Rogers, IT, 2017-09-03,54000, FULL_TIME
123519, Emily, Reed, HR, 2020-12-21,61000, PART_TIME
1234630, Daniel, Cook, Logistics, 2018-10-31,47000, FULL_TIME
2345641, Isabella, Morgan, Customer Service, 2021-08-18,44000, PART_TIME
3456752, Michael, Bell, IT, 2019-05-15,57000, FULL_TIME
4567863, Sophia, Murphy, HR, 2020-11-29,60000, PART_TIME
5678974, Emma, Bailey, Logistics, 2018-07-12,50000, FULL_TIME
6789085, Olivia, Rivera, Customer Service, 2022-06-07,43000, CONTRACTOR
7890196, Noah, Cooper, IT, 2017-11-25,55000, FULL_TIME
8901307, Ava, Richardson, HR, 2020-08-13,59000, PART_TIME
9012318, William, Cox, Logistics, 2018-12-29,48000, FULL_TIME
123529, Sophia, Howard, Customer Service, 2021-07-22,42000, PART_TIME
1234640, Isabella, Ward, IT, 2019-04-08,53000, INTERN
2345651, Michael, Torres, HR, 2020-12-17,61000, PART_TIME
3456762, Emily, Peterson, Logistics, 2018-06-20,49000, CONTRACTOR
4567873, Daniel, Gray, Customer Service, 2021-09-04,41000, PART_TIME
5678984, Madison, Ramirez, IT, 2019-06-27,55000, FULL_TIME
6789095, Matthew, James, HR, 2020-10-21,60000, PART_TIME
7890206, Olivia, Watson, Logistics, 2018-11-07,50000, FULL_TIME
8901317, Noah, Brooks, Customer Service, 2021-08-25,43000, PART_TIME
9012328, Emma, Kelly, IT, 2019-03-14,57000, FULL_TIME
123539, Ava, Sanders, HR, 2020-12-02,61000, PART_TIME
1234650, Sophia, Price, Logistics, 2018-08-22,47000, FULL_TIME
2345661, Jacob, Bennett, Customer Service, 2021-10-10,45000, PART_TIME
3456772, Mia, Wood, IT, 2019-07-01,58000, FULL_TIME
4567883, William, Barnes, HR, 2020-11-08,62000, PART_TIME
5678994, Ethan, Ross, Logistics, 2018-09-17,49000, FULL_TIME
6789005, Madison, Henderson, Customer Service, 2022-05-31,43000, PART_TIME
7890216, Alexander, Coleman, IT, 2017-10-18,54000, INTERN
8901327, Emily, Jenkins, HR, 2020-08-04,61000, PART_TIME
5672341, Mateo, Kim, IT, 2020-03-10,107000, FULL_TIME
6789456, Sofia, Ali, Customer Service, 2019-07-22,45000, PART_TIME
7890567, Axel, Nguyen, HR, 2021-05-15,53000, FULL_TIME
8901678, Clara, Cohen, Logistics, 2018-11-30,42000, PART_TIME
9012789, Kian, Ngo, IT, 2017-01-20,99000, FULL_TIME
123890, Freya, Yilmaz, HR, 2020-08-25,57000, PART_TIME
1234901, Arlo, Zhou, Logistics, 2019-12-05,46000, FULL_TIME
2345012, Pia, Mishra, Customer Service, 2022-04-18,43000, PART_TIME
3456123, Elif, Santos, IT, 2018-06-21,115000, FULL_TIME
4567234, Luka, Patel, HR, 2021-10-12,52000, PART_TIME
5678345, Yara, Ozturk, Logistics, 2017-03-07,45000, FULL_TIME
6789456, Dante, Sharma, Customer Service, 2020-01-29,44000, PART_TIME
7890567, Ines, Choudhury, IT, 2019-09-17,102000, FULL_TIME
8901678, Elio, Agarwal, HR, 2022-07-11,55000, PART_TIME
9012789, Mira, Kazmi, Logistics, 2018-04-03,43000, FULL_TIME
123890, Lian, Basu, Customer Service, 2021-02-20,41000, PART_TIME
1234901, Noor, Chakraborty, IT, 2017-05-28,108000, FULL_TIME
2345012, Iker, Mukherjee, HR, 2020-10-15,56000, PART_TIME
3456123, Elsie, Banerjee, Logistics, 2019-08-09,47000, FULL_TIME
4567234, Anika, Ghosh, Customer Service, 2022-03-22,45000, PART_TIME
5678345, Ethan, Bernard, IT, 2021-10-14,126000, FULL_TIME
6789456, Ava, Gruber, Customer Service, 2018-02-23,52000, PART_TIME
7890567, Matthew, Ivanov, HR, 2020-06-18,58000, FULL_TIME
8901678, Olivia, Hansen, Logistics, 2019-08-27,52000, PART_TIME
9012789, Jayden, Fernández, IT, 2017-11-30,132000, FULL_TIME
123890, Sophia, O'Sullivan, HR, 2021-05-15,65000, PART_TIME
1234901, Isaac, Yamada, Logistics, 2018-03-21,56000, FULL_TIME
2345012, Zoe, Papadopoulos, Customer Service, 2022-09-19,53000, PART_TIME
3456123, Liam, Kowalski, IT, 2019-07-11,127000, FULL_TIME
4567234, Mia, Nakamura, HR, 2021-03-02,60000, PART_TIME
